,Predicted Class
0,SEKER
1,BARBUNYA
2,SEKER
3,SEKER
4,DERMASON
5,SEKER
6,CALI
7,SEKER
8,BOMBAY
9,DERMASON
10,DERMASON
11,SIRA
12,SIRA
13,HOROZ
14,DERMASON
15,BOMBAY
16,DERMASON
17,SIRA
18,BARBUNYA
19,DERMASON
20,CALI
21,CALI
22,HOROZ
23,DERMASON
24,BOMBAY
25,SEKER
26,CALI
27,DERMASON
28,SEKER
29,CALI
30,HOROZ
31,SEKER
32,SEKER
33,DERMASON
34,HOROZ
35,BOMBAY
36,SIRA
37,DERMASON
38,SEKER
39,HOROZ
40,SIRA
41,SEKER
42,SEKER
43,BARBUNYA
44,HOROZ
45,SIRA
46,BARBUNYA
47,DERMASON
48,SIRA
49,SEKER
50,SIRA
51,BARBUNYA
52,SIRA
53,BARBUNYA
54,HOROZ
55,HOROZ
56,SIRA
57,DERMASON
58,BOMBAY
59,HOROZ
60,BOMBAY
61,DERMASON
62,HOROZ
63,SEKER
64,DERMASON
65,SIRA
66,SEKER
67,DERMASON
68,HOROZ
69,BOMBAY
70,DERMASON
71,HOROZ
72,SIRA
73,SEKER
74,HOROZ
75,SIRA
76,SIRA
77,BARBUNYA
78,DERMASON
79,HOROZ
80,SIRA
81,DERMASON
82,SEKER
83,BARBUNYA
84,HOROZ
85,DERMASON
86,BARBUNYA
87,DERMASON
88,SIRA
89,CALI
90,BARBUNYA
91,DERMASON
92,HOROZ
93,HOROZ
94,SIRA
95,BOMBAY
96,DERMASON
97,HOROZ
98,DERMASON
99,SIRA
100,SIRA
101,SEKER
102,SIRA
103,SEKER
104,CALI
105,SEKER
106,HOROZ
107,CALI
108,SIRA
109,DERMASON
110,SIRA
111,DERMASON
112,SIRA
113,DERMASON
114,SIRA
115,SIRA
116,HOROZ
117,SIRA
118,BARBUNYA
119,CALI
120,DERMASON
121,SEKER
122,DERMASON
123,BARBUNYA
124,SIRA
125,SIRA
126,BARBUNYA
127,SEKER
128,SIRA
129,SEKER
130,HOROZ
131,DERMASON
132,DERMASON
133,DERMASON
134,HOROZ
135,HOROZ
136,HOROZ
137,HOROZ
138,HOROZ
139,BOMBAY
140,HOROZ
141,CALI
142,SIRA
143,SIRA
144,BARBUNYA
145,SEKER
146,SEKER
147,SIRA
148,CALI
149,SEKER
150,SIRA
151,HOROZ
152,HOROZ
153,SEKER
154,DERMASON
155,SEKER
156,CALI
157,DERMASON
158,BOMBAY
159,DERMASON
160,DERMASON
161,SIRA
162,SIRA
163,CALI
164,SEKER
165,SEKER
166,SEKER
167,SIRA
168,HOROZ
169,DERMASON
170,SEKER
171,SIRA
172,DERMASON
173,HOROZ
174,SIRA
175,SEKER
176,SEKER
177,CALI
178,CALI
179,HOROZ
180,SEKER
181,HOROZ
182,DERMASON
183,SIRA
184,SIRA
185,DERMASON
186,DERMASON
187,DERMASON
188,DERMASON
189,DERMASON
190,SIRA
191,BARBUNYA
192,SEKER
193,SIRA
194,HOROZ
195,SIRA
196,HOROZ
197,SEKER
198,SIRA
199,DERMASON
200,DERMASON
201,SIRA
202,SIRA
203,HOROZ
204,BARBUNYA
205,SIRA
206,CALI
207,SIRA
208,BARBUNYA
209,SIRA
210,SEKER
211,BARBUNYA
212,BARBUNYA
213,BOMBAY
214,SIRA
215,HOROZ
216,SIRA
217,DERMASON
218,DERMASON
219,HOROZ
220,HOROZ
221,CALI
222,CALI
223,BARBUNYA
224,HOROZ
225,BARBUNYA
226,BARBUNYA
227,SEKER
228,DERMASON
229,DERMASON
230,SEKER
231,SIRA
232,HOROZ
233,DERMASON
234,DERMASON
235,SIRA
236,SEKER
237,CALI
238,SIRA
239,HOROZ
240,DERMASON
241,SIRA
242,CALI
243,DERMASON
244,SEKER
245,SEKER
246,DERMASON
247,CALI
248,CALI
249,SIRA
250,DERMASON
251,HOROZ
252,HOROZ
253,HOROZ
254,DERMASON
255,CALI
256,DERMASON
257,DERMASON
258,SEKER
259,HOROZ
260,DERMASON
261,BARBUNYA
262,HOROZ
263,SEKER
264,SEKER
265,SIRA
266,HOROZ
267,DERMASON
268,HOROZ
269,BARBUNYA
270,HOROZ
271,DERMASON
272,HOROZ
273,DERMASON
274,SIRA
275,SIRA
276,CALI
277,HOROZ
278,SIRA
279,SEKER
280,DERMASON
281,DERMASON
282,SEKER
283,SEKER
284,DERMASON
285,CALI
286,SIRA
287,HOROZ
288,DERMASON
289,BARBUNYA
290,BARBUNYA
291,BOMBAY
292,DERMASON
293,DERMASON
294,SIRA
295,DERMASON
296,CALI
297,CALI
298,SIRA
299,SIRA
300,CALI
301,SIRA
302,HOROZ
303,HOROZ
304,DERMASON
305,CALI
306,DERMASON
307,SIRA
308,SIRA
309,CALI
310,BARBUNYA
311,DERMASON
312,HOROZ
313,HOROZ
314,DERMASON
315,BOMBAY
316,HOROZ
317,CALI
318,SEKER
319,CALI
320,CALI
321,DERMASON
322,SIRA
323,HOROZ
324,SIRA
325,DERMASON
326,SIRA
327,BARBUNYA
328,DERMASON
329,SEKER
330,SEKER
331,HOROZ
332,HOROZ
333,CALI
334,SEKER
335,SEKER
336,SEKER
337,DERMASON
338,SIRA
339,SIRA
340,SIRA
341,CALI
342,HOROZ
343,DERMASON
344,HOROZ
345,HOROZ
346,HOROZ
347,SIRA
348,CALI
349,CALI
350,HOROZ
351,SEKER
352,DERMASON
353,DERMASON
354,CALI
355,DERMASON
356,SIRA
357,SIRA
358,CALI
359,SIRA
360,BARBUNYA
361,CALI
362,HOROZ
363,CALI
364,HOROZ
365,HOROZ
366,SIRA
367,HOROZ
368,SIRA
369,DERMASON
370,BOMBAY
371,HOROZ
372,SIRA
373,SEKER
374,HOROZ
375,SEKER
376,HOROZ
377,SIRA
378,BARBUNYA
379,CALI
380,HOROZ
381,SEKER
382,HOROZ
383,SIRA
384,DERMASON
385,SIRA
386,SIRA
387,SIRA
388,SIRA
389,DERMASON
390,SIRA
391,HOROZ
392,CALI
393,HOROZ
394,HOROZ
395,SEKER
396,SEKER
397,HOROZ
398,DERMASON
399,DERMASON
400,SIRA
401,SIRA
402,SIRA
403,DERMASON
404,DERMASON
405,DERMASON
406,DERMASON
407,SIRA
408,SEKER
409,HOROZ
410,DERMASON
411,DERMASON
412,BARBUNYA
413,SIRA
414,CALI
415,BARBUNYA
416,BARBUNYA
417,SEKER
418,BOMBAY
419,SEKER
420,DERMASON
421,DERMASON
422,SIRA
423,SIRA
424,HOROZ
425,BARBUNYA
426,SEKER
427,CALI
428,DERMASON
429,CALI
430,CALI
431,HOROZ
432,BARBUNYA
433,SEKER
434,CALI
435,DERMASON
436,CALI
437,CALI
438,DERMASON
439,DERMASON
440,SIRA
441,SIRA
442,DERMASON
443,SEKER
444,BARBUNYA
445,SIRA
446,CALI
447,DERMASON
448,SEKER
449,BOMBAY
450,DERMASON
451,HOROZ
452,SEKER
453,CALI
454,BOMBAY
455,HOROZ
456,CALI
457,SEKER
458,SIRA
459,DERMASON
460,CALI
461,HOROZ
462,DERMASON
463,DERMASON
464,SIRA
465,CALI
466,DERMASON
467,DERMASON
468,CALI
469,DERMASON
470,DERMASON
471,SIRA
472,DERMASON
473,SIRA
474,DERMASON
475,CALI
476,SEKER
477,SIRA
478,DERMASON
479,SEKER
480,HOROZ
481,CALI
482,SEKER
483,HOROZ
484,SIRA
485,CALI
486,HOROZ
487,DERMASON
488,SEKER
489,BARBUNYA
490,BARBUNYA
491,DERMASON
492,DERMASON
493,BARBUNYA
494,DERMASON
495,DERMASON
496,SEKER
497,HOROZ
498,SIRA
499,DERMASON
500,SIRA
501,SEKER
502,DERMASON
503,BOMBAY
504,SIRA
505,CALI
506,SEKER
507,SIRA
508,BOMBAY
509,HOROZ
510,HOROZ
511,BARBUNYA
512,DERMASON
513,DERMASON
514,DERMASON
515,DERMASON
516,SIRA
517,BOMBAY
518,DERMASON
519,SIRA
520,DERMASON
521,SIRA
522,BOMBAY
523,BOMBAY
524,SIRA
525,DERMASON
526,BOMBAY
527,DERMASON
528,DERMASON
529,SEKER
530,SIRA
531,BARBUNYA
532,CALI
533,CALI
534,BARBUNYA
535,BOMBAY
536,DERMASON
537,SEKER
538,SEKER
539,SEKER
540,BARBUNYA
541,SIRA
542,SEKER
543,DERMASON
544,BOMBAY
545,BARBUNYA
546,DERMASON
547,BARBUNYA
548,CALI
549,BARBUNYA
550,SIRA
551,CALI
552,SIRA
553,SEKER
554,SIRA
555,DERMASON
556,DERMASON
557,HOROZ
558,DERMASON
559,DERMASON
560,SEKER
561,CALI
562,CALI
563,CALI
564,SEKER
565,DERMASON
566,SEKER
567,SIRA
568,CALI
569,SIRA
570,SEKER
571,BARBUNYA
572,SIRA
573,DERMASON
574,DERMASON
575,DERMASON
576,SEKER
577,SIRA
578,DERMASON
579,DERMASON
580,SEKER
581,CALI
582,CALI
583,BARBUNYA
584,SEKER
585,DERMASON
586,HOROZ
587,DERMASON
588,SEKER
589,SIRA
590,BOMBAY
591,DERMASON
592,BOMBAY
593,DERMASON
594,SIRA
595,DERMASON
596,SIRA
597,CALI
598,HOROZ
599,BARBUNYA
600,SEKER
601,HOROZ
602,SEKER
603,CALI
604,DERMASON
605,CALI
606,DERMASON
607,CALI
608,BARBUNYA
609,CALI
610,SIRA
611,CALI
612,DERMASON
613,CALI
614,SIRA
615,SIRA
616,DERMASON
617,SEKER
618,SIRA
619,CALI
620,SIRA
621,CALI
622,DERMASON
623,CALI
624,HOROZ
625,CALI
626,SIRA
627,CALI
628,SIRA
629,DERMASON
630,BOMBAY
631,BOMBAY
632,SIRA
633,BARBUNYA
634,DERMASON
635,HOROZ
636,HOROZ
637,SIRA
638,SIRA
639,SIRA
640,DERMASON
641,CALI
642,HOROZ
643,SIRA
644,DERMASON
645,DERMASON
646,CALI
647,CALI
648,SEKER
649,DERMASON
650,SEKER
651,HOROZ
652,SEKER
653,SIRA
654,DERMASON
655,DERMASON
656,DERMASON
657,SEKER
658,SEKER
659,DERMASON
660,CALI
661,SEKER
662,DERMASON
663,CALI
664,HOROZ
665,DERMASON
666,CALI
667,DERMASON
668,SIRA
669,DERMASON
670,BARBUNYA
671,HOROZ
672,SIRA
673,DERMASON
674,DERMASON
675,SIRA
676,HOROZ
677,HOROZ
678,SIRA
679,DERMASON
680,DERMASON
681,SIRA
682,DERMASON
683,CALI
684,CALI
685,HOROZ
686,SIRA
687,DERMASON
688,HOROZ
689,DERMASON
690,SIRA
691,SIRA
692,DERMASON
693,CALI
694,DERMASON
695,SIRA
696,SIRA
697,SEKER
698,SEKER
699,BARBUNYA
700,SIRA
701,DERMASON
702,SIRA
703,DERMASON
704,BARBUNYA
705,SEKER
706,BARBUNYA
707,SIRA
708,CALI
709,BARBUNYA
710,DERMASON
711,SIRA
712,DERMASON
713,SIRA
714,HOROZ
715,SIRA
716,DERMASON
717,HOROZ
718,BARBUNYA
719,SIRA
720,DERMASON
721,CALI
722,DERMASON
723,DERMASON
724,BARBUNYA
725,DERMASON
726,HOROZ
727,SIRA
728,BOMBAY
729,SEKER
730,SIRA
731,DERMASON
732,CALI
733,SIRA
734,DERMASON
735,DERMASON
736,DERMASON
737,HOROZ
738,SEKER
739,SIRA
740,HOROZ
741,BARBUNYA
742,SEKER
743,SIRA
744,HOROZ
745,DERMASON
746,HOROZ
747,CALI
748,BOMBAY
749,SIRA
750,SIRA
751,DERMASON
752,HOROZ
753,SEKER
754,DERMASON
755,CALI
756,CALI
757,HOROZ
758,SEKER
759,SEKER
760,BOMBAY
761,BOMBAY
762,DERMASON
763,SIRA
764,HOROZ
765,SIRA
766,DERMASON
767,BARBUNYA
768,DERMASON
769,DERMASON
770,DERMASON
771,DERMASON
772,DERMASON
773,SIRA
774,SIRA
775,CALI
776,SIRA
777,DERMASON
778,HOROZ
779,HOROZ
780,SIRA
781,SIRA
782,BOMBAY
783,SIRA
784,DERMASON
785,DERMASON
786,CALI
787,CALI
788,SIRA
789,SIRA
790,SEKER
791,CALI
792,BARBUNYA
793,HOROZ
794,SIRA
795,SIRA
796,SIRA
797,SIRA
798,DERMASON
799,DERMASON
800,SIRA
801,SEKER
802,CALI
803,HOROZ
804,BARBUNYA
805,HOROZ
806,BARBUNYA
807,DERMASON
808,SIRA
809,SIRA
810,SIRA
811,HOROZ
812,BARBUNYA
813,SEKER
814,DERMASON
815,HOROZ
816,SIRA
817,DERMASON
818,SEKER
819,DERMASON
820,BARBUNYA
821,DERMASON
822,CALI
823,SEKER
824,DERMASON
825,CALI
826,HOROZ
827,CALI
828,SIRA
829,DERMASON
830,BARBUNYA
831,SEKER
832,BARBUNYA
833,SIRA
834,DERMASON
835,DERMASON
836,CALI
837,BOMBAY
838,CALI
839,SIRA
840,SEKER
841,CALI
842,BARBUNYA
843,DERMASON
844,SIRA
845,SIRA
846,CALI
847,HOROZ
848,CALI
849,BARBUNYA
850,DERMASON
851,CALI
852,DERMASON
853,DERMASON
854,SIRA
855,SEKER
856,DERMASON
857,SIRA
858,DERMASON
859,BOMBAY
860,SIRA
861,DERMASON
862,DERMASON
863,DERMASON
864,HOROZ
865,DERMASON
866,DERMASON
867,BOMBAY
868,SEKER
869,SIRA
870,CALI
871,BARBUNYA
872,SEKER
873,HOROZ
874,CALI
875,SEKER
876,HOROZ
877,SEKER
878,SIRA
879,SIRA
880,DERMASON
881,DERMASON
882,SIRA
883,HOROZ
884,HOROZ
885,DERMASON
886,DERMASON
887,SEKER
888,SEKER
889,HOROZ
890,BARBUNYA
891,DERMASON
892,SIRA
893,BARBUNYA
894,CALI
895,SEKER
896,SIRA
897,SEKER
898,SIRA
899,BOMBAY
900,CALI
901,CALI
902,HOROZ
903,SEKER
904,HOROZ
905,HOROZ
906,BARBUNYA
907,SIRA
908,SIRA
909,SIRA
910,SIRA
911,HOROZ
912,DERMASON
913,SIRA
914,HOROZ
915,DERMASON
916,BOMBAY
917,SIRA
918,SIRA
919,SIRA
920,DERMASON
921,SIRA
922,DERMASON
923,SIRA
924,SIRA
925,SIRA
926,DERMASON
927,BARBUNYA
928,SEKER
929,BARBUNYA
930,HOROZ
931,SIRA
932,HOROZ
933,DERMASON
934,BARBUNYA
935,BARBUNYA
936,DERMASON
937,CALI
938,HOROZ
939,HOROZ
940,DERMASON
941,HOROZ
942,SIRA
943,DERMASON
944,SEKER
945,DERMASON
946,DERMASON
947,CALI
948,DERMASON
949,HOROZ
950,SIRA
951,SIRA
952,HOROZ
953,DERMASON
954,SIRA
955,SEKER
956,HOROZ
957,BARBUNYA
958,HOROZ
959,CALI
960,SIRA
961,CALI
962,DERMASON
963,SIRA
964,SIRA
965,SEKER
966,DERMASON
967,CALI
968,CALI
969,DERMASON
970,CALI
971,SIRA
972,SEKER
973,CALI
974,CALI
975,DERMASON
976,SEKER
977,BARBUNYA
978,DERMASON
979,CALI
980,BARBUNYA
981,BOMBAY
982,DERMASON
983,SIRA
984,HOROZ
985,DERMASON
986,SIRA
987,SEKER
988,CALI
989,SIRA
990,HOROZ
991,SEKER
992,SEKER
993,CALI
994,BARBUNYA
995,DERMASON
996,SEKER
997,SIRA
998,DERMASON
999,SEKER
1000,BARBUNYA
1001,SEKER
1002,HOROZ
1003,HOROZ
1004,BARBUNYA
1005,DERMASON
1006,HOROZ
1007,HOROZ
1008,BOMBAY
1009,BARBUNYA
1010,BARBUNYA
1011,DERMASON
1012,DERMASON
1013,DERMASON
1014,DERMASON
1015,SIRA
1016,DERMASON
1017,DERMASON
1018,BOMBAY
1019,SIRA
1020,DERMASON
1021,DERMASON
1022,BARBUNYA
1023,DERMASON
1024,SEKER
1025,CALI
1026,BOMBAY
1027,DERMASON
1028,BARBUNYA
1029,SEKER
1030,CALI
1031,DERMASON
1032,BARBUNYA
1033,HOROZ
1034,CALI
1035,HOROZ
1036,SEKER
1037,DERMASON
1038,SIRA
1039,DERMASON
1040,BARBUNYA
1041,SEKER
1042,CALI
1043,DERMASON
1044,SIRA
1045,BARBUNYA
1046,SIRA
1047,HOROZ
1048,SEKER
1049,SIRA
1050,SIRA
1051,SEKER
1052,HOROZ
1053,CALI
1054,CALI
1055,CALI
1056,CALI
1057,SEKER
1058,CALI
1059,SIRA
1060,DERMASON
1061,SEKER
1062,BOMBAY
1063,HOROZ
1064,CALI
1065,HOROZ
1066,BARBUNYA
1067,HOROZ
1068,SEKER
1069,SIRA
1070,SEKER
1071,SIRA
1072,DERMASON
1073,CALI
1074,CALI
1075,SIRA
1076,CALI
1077,SIRA
1078,CALI
1079,SIRA
1080,DERMASON
1081,SEKER
1082,DERMASON
1083,SIRA
1084,DERMASON
1085,DERMASON
1086,SIRA
1087,BOMBAY
1088,CALI
1089,HOROZ
1090,CALI
1091,HOROZ
1092,SEKER
1093,DERMASON
1094,HOROZ
1095,CALI
1096,DERMASON
1097,BARBUNYA
1098,SIRA
1099,SIRA
1100,SEKER
1101,SEKER
1102,SEKER
1103,SIRA
1104,SIRA
1105,CALI
1106,DERMASON
1107,CALI
1108,SEKER
1109,SEKER
1110,BARBUNYA
1111,CALI
1112,SEKER
1113,SEKER
1114,SIRA
1115,SIRA
1116,SIRA
1117,CALI
1118,CALI
1119,BOMBAY
1120,SEKER
1121,DERMASON
1122,SEKER
1123,DERMASON
1124,SEKER
1125,DERMASON
1126,SIRA
1127,SEKER
1128,SIRA
1129,SEKER
1130,SIRA
1131,BOMBAY
1132,DERMASON
1133,SIRA
1134,SIRA
1135,SEKER
1136,HOROZ
1137,SIRA
1138,BOMBAY
1139,DERMASON
1140,SIRA
1141,BARBUNYA
1142,DERMASON
1143,SEKER
1144,SIRA
1145,DERMASON
1146,SEKER
1147,SIRA
1148,DERMASON
1149,DERMASON
1150,SEKER
1151,DERMASON
1152,CALI
1153,HOROZ
1154,DERMASON
1155,SIRA
1156,HOROZ
1157,SIRA
1158,DERMASON
1159,DERMASON
1160,CALI
1161,BARBUNYA
1162,DERMASON
1163,SEKER
1164,SIRA
1165,SEKER
1166,HOROZ
1167,BARBUNYA
1168,DERMASON
1169,HOROZ
1170,CALI
1171,CALI
1172,CALI
1173,SIRA
1174,CALI
1175,CALI
1176,DERMASON
1177,SIRA
1178,SIRA
1179,SIRA
1180,SEKER
1181,BARBUNYA
1182,SEKER
1183,BARBUNYA
1184,DERMASON
1185,BARBUNYA
1186,BARBUNYA
1187,DERMASON
1188,SIRA
1189,SEKER
1190,HOROZ
1191,CALI
1192,DERMASON
1193,DERMASON
1194,CALI
1195,SIRA
1196,CALI
1197,SIRA
1198,CALI
1199,DERMASON
1200,DERMASON
1201,SEKER
1202,BOMBAY
1203,DERMASON
1204,DERMASON
1205,SIRA
1206,SIRA
1207,DERMASON
1208,HOROZ
1209,BARBUNYA
1210,SEKER
1211,HOROZ
1212,DERMASON
1213,SEKER
1214,SIRA
1215,HOROZ
1216,BOMBAY
1217,SIRA
1218,CALI
1219,SIRA
1220,SIRA
1221,HOROZ
1222,SIRA
1223,SEKER
1224,HOROZ
1225,BARBUNYA
1226,DERMASON
1227,CALI
1228,BARBUNYA
1229,DERMASON
1230,SIRA
1231,DERMASON
1232,DERMASON
1233,BARBUNYA
1234,DERMASON
1235,BOMBAY
1236,BOMBAY
1237,CALI
1238,HOROZ
1239,SEKER
1240,SIRA
1241,DERMASON
1242,SEKER
1243,SEKER
1244,SEKER
1245,DERMASON
1246,SIRA
1247,CALI
1248,DERMASON
1249,SIRA
1250,BARBUNYA
1251,SIRA
1252,SIRA
1253,DERMASON
1254,DERMASON
1255,SEKER
1256,SEKER
1257,HOROZ
1258,DERMASON
1259,CALI
1260,SIRA
1261,DERMASON
1262,BOMBAY
1263,SIRA
1264,HOROZ
1265,BARBUNYA
1266,HOROZ
1267,HOROZ
1268,BARBUNYA
1269,SIRA
1270,SIRA
1271,SEKER
1272,DERMASON
1273,DERMASON
1274,SEKER
1275,DERMASON
1276,SEKER
1277,BARBUNYA
1278,SIRA
1279,DERMASON
1280,SEKER
1281,DERMASON
1282,DERMASON
1283,CALI
1284,SEKER
1285,SIRA
1286,HOROZ
1287,HOROZ
1288,BARBUNYA
1289,DERMASON
1290,SIRA
1291,HOROZ
1292,CALI
1293,SEKER
1294,BOMBAY
1295,CALI
1296,HOROZ
1297,HOROZ
1298,BARBUNYA
1299,CALI
1300,BOMBAY
1301,BARBUNYA
1302,HOROZ
1303,SEKER
1304,DERMASON
1305,BARBUNYA
1306,DERMASON
1307,CALI
1308,DERMASON
1309,DERMASON
1310,SEKER
1311,BARBUNYA
1312,HOROZ
1313,DERMASON
1314,DERMASON
1315,CALI
1316,SEKER
1317,DERMASON
1318,DERMASON
1319,CALI
1320,DERMASON
1321,SIRA
1322,BARBUNYA
1323,BARBUNYA
1324,DERMASON
1325,SEKER
1326,SIRA
1327,HOROZ
1328,SIRA
1329,DERMASON
1330,HOROZ
1331,DERMASON
1332,SEKER
1333,HOROZ
1334,DERMASON
1335,SIRA
1336,DERMASON
1337,DERMASON
1338,CALI
1339,DERMASON
1340,SEKER
1341,DERMASON
1342,BARBUNYA
1343,SIRA
1344,BOMBAY
1345,BARBUNYA
1346,BOMBAY
1347,BARBUNYA
1348,CALI
1349,BARBUNYA
1350,HOROZ
1351,BARBUNYA
1352,CALI
1353,SIRA
1354,SEKER
1355,CALI
1356,BARBUNYA
1357,CALI
1358,DERMASON
1359,SEKER
1360,HOROZ
1361,DERMASON
1362,DERMASON
1363,DERMASON
1364,SEKER
1365,SIRA
1366,SEKER
1367,BARBUNYA
1368,SEKER
1369,SEKER
1370,SIRA
1371,SEKER
1372,BARBUNYA
1373,CALI
1374,HOROZ
1375,SIRA
1376,SIRA
1377,DERMASON
1378,SIRA
1379,SEKER
1380,SIRA
1381,DERMASON
1382,HOROZ
1383,BARBUNYA
1384,HOROZ
1385,BARBUNYA
1386,BARBUNYA
1387,SEKER
1388,SIRA
1389,DERMASON
1390,SIRA
1391,HOROZ
1392,DERMASON
1393,BARBUNYA
1394,SIRA
1395,DERMASON
1396,SIRA
1397,SIRA
1398,SIRA
1399,DERMASON
1400,SEKER
1401,SIRA
1402,SIRA
1403,CALI
1404,HOROZ
1405,CALI
1406,SIRA
1407,DERMASON
1408,BARBUNYA
1409,SEKER
1410,DERMASON
1411,HOROZ
1412,SIRA
1413,CALI
1414,SIRA
1415,CALI
1416,SIRA
1417,HOROZ
1418,HOROZ
1419,DERMASON
1420,SEKER
1421,BOMBAY
1422,DERMASON
1423,SEKER
1424,DERMASON
1425,HOROZ
1426,SIRA
1427,DERMASON
1428,CALI
1429,DERMASON
1430,DERMASON
1431,HOROZ
1432,CALI
1433,SIRA
1434,SIRA
1435,SEKER
1436,HOROZ
1437,DERMASON
1438,SIRA
1439,CALI
1440,HOROZ
1441,HOROZ
1442,CALI
1443,DERMASON
1444,DERMASON
1445,SIRA
1446,DERMASON
1447,CALI
1448,DERMASON
1449,BARBUNYA
1450,SEKER
1451,HOROZ
1452,DERMASON
1453,SEKER
1454,SIRA
1455,DERMASON
1456,CALI
1457,DERMASON
1458,SIRA
1459,SEKER
1460,SEKER
1461,SEKER
1462,BARBUNYA
1463,BARBUNYA
1464,DERMASON
1465,BOMBAY
1466,SEKER
1467,DERMASON
1468,SEKER
1469,SEKER
1470,DERMASON
1471,BOMBAY
1472,SEKER
1473,SIRA
1474,SEKER
1475,SIRA
1476,HOROZ
1477,BOMBAY
1478,DERMASON
1479,DERMASON
1480,SIRA
1481,BOMBAY
1482,DERMASON
1483,HOROZ
1484,SIRA
1485,DERMASON
1486,HOROZ
1487,HOROZ
1488,CALI
1489,SEKER
1490,SEKER
1491,DERMASON
1492,BARBUNYA
1493,HOROZ
1494,HOROZ
1495,HOROZ
1496,SEKER
1497,DERMASON
1498,CALI
1499,HOROZ
1500,SIRA
1501,DERMASON
1502,DERMASON
1503,DERMASON
1504,DERMASON
1505,DERMASON
1506,SIRA
1507,HOROZ
1508,DERMASON
1509,SEKER
1510,HOROZ
1511,CALI
1512,CALI
1513,HOROZ
1514,SIRA
1515,DERMASON
1516,BOMBAY
1517,SIRA
1518,SEKER
1519,CALI
1520,HOROZ
1521,CALI
1522,DERMASON
1523,BARBUNYA
1524,HOROZ
1525,BOMBAY
1526,BARBUNYA
1527,SEKER
1528,SIRA
1529,BARBUNYA
1530,DERMASON
1531,HOROZ
1532,HOROZ
1533,HOROZ
1534,BARBUNYA
1535,DERMASON
1536,SEKER
1537,BARBUNYA
1538,DERMASON
1539,SIRA
1540,DERMASON
1541,SEKER
1542,CALI
1543,BARBUNYA
1544,BARBUNYA
1545,SEKER
1546,CALI
1547,HOROZ
1548,DERMASON
1549,DERMASON
1550,CALI
1551,SEKER
1552,HOROZ
1553,DERMASON
1554,HOROZ
1555,HOROZ
1556,SIRA
1557,DERMASON
1558,DERMASON
1559,HOROZ
1560,CALI
1561,DERMASON
1562,DERMASON
1563,SEKER
1564,SEKER
1565,BARBUNYA
1566,SEKER
1567,DERMASON
1568,SEKER
1569,BARBUNYA
1570,SIRA
1571,SEKER
1572,DERMASON
1573,SIRA
1574,DERMASON
1575,SIRA
1576,SIRA
1577,HOROZ
1578,SEKER
1579,DERMASON
1580,BOMBAY
1581,CALI
1582,DERMASON
1583,DERMASON
1584,SIRA
1585,CALI
1586,BARBUNYA
1587,SEKER
1588,SEKER
1589,BARBUNYA
1590,HOROZ
1591,SIRA
1592,BARBUNYA
1593,BOMBAY
1594,HOROZ
1595,CALI
1596,SIRA
1597,DERMASON
1598,DERMASON
1599,BOMBAY
1600,SEKER
1601,DERMASON
1602,DERMASON
1603,DERMASON
1604,SEKER
1605,DERMASON
1606,SEKER
1607,SIRA
1608,SIRA
1609,BARBUNYA
1610,CALI
1611,CALI
1612,DERMASON
1613,SEKER
1614,HOROZ
1615,SIRA
1616,SEKER
1617,SIRA
1618,DERMASON
1619,SIRA
1620,SEKER
1621,SEKER
1622,SIRA
1623,SIRA
1624,DERMASON
1625,SEKER
1626,SIRA
1627,CALI
1628,CALI
1629,BARBUNYA
1630,SIRA
1631,BARBUNYA
1632,CALI
1633,SIRA
1634,SEKER
1635,DERMASON
1636,DERMASON
1637,DERMASON
1638,DERMASON
1639,BOMBAY
1640,DERMASON
1641,DERMASON
1642,CALI
1643,HOROZ
1644,DERMASON
1645,BARBUNYA
1646,HOROZ
1647,SIRA
1648,HOROZ
1649,CALI
1650,DERMASON
1651,SIRA
1652,DERMASON
1653,BARBUNYA
1654,HOROZ
1655,BOMBAY
1656,CALI
1657,BARBUNYA
1658,SEKER
1659,SIRA
1660,BARBUNYA
1661,BARBUNYA
1662,SIRA
1663,DERMASON
1664,BARBUNYA
1665,SIRA
1666,BARBUNYA
1667,DERMASON
1668,DERMASON
1669,SIRA
1670,DERMASON
1671,SIRA
1672,HOROZ
1673,SIRA
1674,HOROZ
1675,CALI
1676,BARBUNYA
1677,SEKER
1678,DERMASON
1679,SIRA
1680,SIRA
1681,DERMASON
1682,DERMASON
1683,SEKER
1684,DERMASON
1685,DERMASON
1686,DERMASON
1687,SEKER
1688,BOMBAY
1689,BARBUNYA
1690,SIRA
1691,DERMASON
1692,HOROZ
1693,CALI
1694,DERMASON
1695,CALI
1696,HOROZ
1697,HOROZ
1698,DERMASON
1699,SIRA
1700,DERMASON
1701,SIRA
1702,SEKER
1703,DERMASON
1704,DERMASON
1705,CALI
1706,HOROZ
1707,DERMASON
1708,SIRA
1709,SEKER
1710,SIRA
1711,SIRA
1712,CALI
1713,BOMBAY
1714,DERMASON
1715,SEKER
1716,SIRA
1717,SEKER
1718,SEKER
1719,SEKER
1720,DERMASON
1721,SIRA
1722,HOROZ
1723,HOROZ
1724,HOROZ
1725,SIRA
1726,CALI
1727,HOROZ
1728,DERMASON
1729,SIRA
1730,DERMASON
1731,DERMASON
1732,CALI
1733,DERMASON
1734,DERMASON
1735,SEKER
1736,BOMBAY
1737,SEKER
1738,BOMBAY
1739,BOMBAY
1740,HOROZ
1741,CALI
1742,CALI
1743,BARBUNYA
1744,CALI
1745,HOROZ
1746,SEKER
1747,HOROZ
1748,DERMASON
1749,SEKER
1750,DERMASON
1751,DERMASON
1752,DERMASON
1753,SIRA
1754,DERMASON
1755,BARBUNYA
1756,HOROZ
1757,CALI
1758,HOROZ
1759,DERMASON
1760,DERMASON
1761,SEKER
1762,DERMASON
1763,HOROZ
1764,DERMASON
1765,BOMBAY
1766,CALI
1767,SEKER
1768,SEKER
1769,CALI
1770,SIRA
1771,DERMASON
1772,DERMASON
1773,DERMASON
1774,BARBUNYA
1775,CALI
1776,HOROZ
1777,CALI
1778,DERMASON
1779,SIRA
1780,HOROZ
1781,SEKER
1782,DERMASON
1783,HOROZ
1784,CALI
1785,DERMASON
1786,SEKER
1787,DERMASON
1788,DERMASON
1789,CALI
1790,SIRA
1791,SIRA
1792,CALI
1793,SIRA
1794,SEKER
1795,HOROZ
1796,BARBUNYA
1797,DERMASON
1798,SEKER
1799,HOROZ
1800,SEKER
1801,HOROZ
1802,BARBUNYA
1803,HOROZ
1804,SIRA
1805,SIRA
1806,HOROZ
1807,SIRA
1808,DERMASON
1809,CALI
1810,SEKER
1811,DERMASON
1812,SIRA
1813,SIRA
1814,HOROZ
1815,CALI
1816,DERMASON
1817,BARBUNYA
1818,SIRA
1819,SIRA
1820,HOROZ
1821,SIRA
1822,HOROZ
1823,SEKER
1824,BARBUNYA
1825,HOROZ
1826,BARBUNYA
1827,DERMASON
1828,BARBUNYA
1829,SIRA
1830,SEKER
1831,SEKER
1832,HOROZ
1833,BARBUNYA
1834,SIRA
1835,SIRA
1836,SEKER
1837,SIRA
1838,DERMASON
1839,HOROZ
1840,SIRA
1841,BARBUNYA
1842,CALI
1843,HOROZ
1844,SEKER
1845,HOROZ
1846,BARBUNYA
1847,BARBUNYA
1848,SEKER
1849,CALI
1850,DERMASON
1851,CALI
1852,DERMASON
1853,DERMASON
1854,HOROZ
1855,CALI
1856,SEKER
1857,HOROZ
1858,SIRA
1859,HOROZ
1860,HOROZ
1861,DERMASON
1862,DERMASON
1863,DERMASON
1864,BOMBAY
1865,DERMASON
1866,DERMASON
1867,SIRA
1868,CALI
1869,DERMASON
1870,SIRA
1871,CALI
1872,SIRA
1873,DERMASON
1874,HOROZ
1875,BARBUNYA
1876,CALI
1877,SEKER
1878,HOROZ
1879,DERMASON
1880,DERMASON
1881,HOROZ
1882,DERMASON
1883,BARBUNYA
1884,DERMASON
1885,CALI
1886,BARBUNYA
1887,DERMASON
1888,SIRA
1889,BOMBAY
1890,HOROZ
1891,SEKER
1892,SEKER
1893,CALI
1894,BOMBAY
1895,SIRA
1896,CALI
1897,DERMASON
1898,DERMASON
1899,BARBUNYA
1900,SEKER
1901,SIRA
1902,BOMBAY
1903,SIRA
1904,DERMASON
1905,BOMBAY
1906,DERMASON
1907,CALI
1908,CALI
1909,DERMASON
1910,SIRA
1911,DERMASON
1912,DERMASON
1913,BARBUNYA
1914,BARBUNYA
1915,SEKER
1916,SIRA
1917,SIRA
1918,BARBUNYA
1919,SIRA
1920,CALI
1921,SIRA
1922,SIRA
1923,SIRA
1924,BARBUNYA
1925,HOROZ
1926,DERMASON
1927,SEKER
1928,HOROZ
1929,DERMASON
1930,CALI
1931,CALI
1932,BARBUNYA
1933,SIRA
1934,HOROZ
1935,HOROZ
1936,SIRA
1937,HOROZ
1938,SIRA
1939,DERMASON
1940,SEKER
1941,DERMASON
1942,BARBUNYA
1943,SEKER
1944,SEKER
1945,BARBUNYA
1946,HOROZ
1947,SEKER
1948,BARBUNYA
1949,CALI
1950,SEKER
1951,BARBUNYA
1952,SEKER
1953,SEKER
1954,DERMASON
1955,HOROZ
1956,HOROZ
1957,HOROZ
1958,SEKER
1959,DERMASON
1960,DERMASON
1961,BARBUNYA
1962,CALI
1963,HOROZ
1964,DERMASON
1965,SEKER
1966,HOROZ
1967,DERMASON
1968,SEKER
1969,DERMASON
1970,DERMASON
1971,HOROZ
1972,SEKER
1973,BARBUNYA
1974,CALI
1975,HOROZ
1976,HOROZ
1977,HOROZ
1978,DERMASON
1979,SIRA
1980,SIRA
1981,DERMASON
1982,SIRA
1983,HOROZ
1984,DERMASON
1985,HOROZ
1986,CALI
1987,BARBUNYA
1988,BOMBAY
1989,CALI
1990,DERMASON
1991,DERMASON
1992,SIRA
1993,CALI
1994,BARBUNYA
1995,BARBUNYA
1996,SIRA
1997,DERMASON
1998,CALI
1999,BARBUNYA
2000,SEKER
2001,DERMASON
2002,SIRA
2003,HOROZ
2004,DERMASON
2005,SIRA
2006,DERMASON
2007,HOROZ
2008,SIRA
2009,SIRA
2010,SEKER
2011,DERMASON
2012,DERMASON
2013,DERMASON
2014,HOROZ
2015,SEKER
2016,HOROZ
2017,SEKER
2018,BARBUNYA
2019,DERMASON
2020,BARBUNYA
2021,SIRA
2022,HOROZ
2023,DERMASON
2024,DERMASON
2025,DERMASON
2026,HOROZ
2027,HOROZ
2028,SIRA
2029,DERMASON
2030,SIRA
2031,CALI
2032,BOMBAY
2033,SIRA
2034,HOROZ
2035,SEKER
2036,DERMASON
2037,BARBUNYA
2038,HOROZ
2039,SIRA
2040,SEKER
2041,SEKER
2042,DERMASON
2043,DERMASON
2044,SEKER
2045,SIRA
2046,BARBUNYA
2047,HOROZ
2048,DERMASON
2049,DERMASON
2050,DERMASON
2051,DERMASON
2052,CALI
2053,HOROZ
2054,SEKER
2055,SEKER
2056,HOROZ
2057,DERMASON
2058,SEKER
2059,SEKER
2060,SIRA
2061,SIRA
2062,BOMBAY
2063,BOMBAY
2064,CALI
2065,SIRA
2066,CALI
2067,HOROZ
2068,HOROZ
2069,BARBUNYA
2070,SEKER
2071,SEKER
2072,SIRA
2073,DERMASON
2074,SEKER
2075,SIRA
2076,CALI
2077,SEKER
2078,DERMASON
2079,DERMASON
2080,BOMBAY
2081,BARBUNYA
2082,DERMASON
2083,HOROZ
2084,DERMASON
2085,BOMBAY
2086,SIRA
2087,CALI
2088,SEKER
2089,BOMBAY
2090,CALI
2091,SEKER
2092,DERMASON
2093,DERMASON
2094,DERMASON
2095,DERMASON
2096,DERMASON
2097,HOROZ
2098,DERMASON
2099,DERMASON
2100,CALI
2101,DERMASON
2102,HOROZ
2103,DERMASON
2104,CALI
2105,DERMASON
2106,DERMASON
2107,SEKER
2108,HOROZ
2109,SEKER
2110,HOROZ
2111,CALI
2112,DERMASON
2113,DERMASON
2114,HOROZ
2115,SIRA
2116,DERMASON
2117,SIRA
2118,DERMASON
2119,SEKER
2120,DERMASON
2121,DERMASON
2122,BARBUNYA
2123,SEKER
2124,BARBUNYA
2125,BARBUNYA
2126,SIRA
2127,HOROZ
2128,SIRA
2129,DERMASON
2130,DERMASON
2131,CALI
2132,HOROZ
2133,DERMASON
2134,SEKER
2135,SEKER
2136,SEKER
2137,DERMASON
2138,HOROZ
2139,BARBUNYA
2140,SEKER
2141,BOMBAY
2142,DERMASON
2143,SIRA
2144,SIRA
2145,BOMBAY
2146,DERMASON
2147,SIRA
2148,SEKER
2149,SEKER
2150,SEKER
2151,CALI
2152,HOROZ
2153,DERMASON
2154,DERMASON
2155,SEKER
2156,HOROZ
2157,CALI
2158,DERMASON
2159,SIRA
2160,DERMASON
2161,HOROZ
2162,DERMASON
2163,SEKER
2164,HOROZ
2165,SIRA
2166,BARBUNYA
2167,SIRA
2168,SEKER
2169,CALI
2170,SEKER
2171,DERMASON
2172,CALI
2173,SIRA
2174,SEKER
2175,HOROZ
2176,HOROZ
2177,BOMBAY
2178,SIRA
2179,SIRA
2180,HOROZ
2181,BARBUNYA
2182,BARBUNYA
2183,SEKER
2184,DERMASON
2185,HOROZ
2186,SEKER
2187,CALI
2188,SEKER
2189,HOROZ
2190,SIRA
2191,HOROZ
2192,SIRA
2193,BOMBAY
2194,DERMASON
2195,SIRA
2196,CALI
2197,HOROZ
2198,SIRA
2199,SEKER
2200,SEKER
2201,SIRA
2202,DERMASON
2203,SEKER
2204,DERMASON
2205,HOROZ
2206,SEKER
2207,DERMASON
2208,DERMASON
2209,BARBUNYA
2210,DERMASON
2211,HOROZ
2212,SEKER
2213,BOMBAY
2214,BARBUNYA
2215,BOMBAY
2216,SIRA
2217,BARBUNYA
2218,HOROZ
2219,DERMASON
2220,BARBUNYA
2221,DERMASON
2222,DERMASON
2223,SIRA
2224,BOMBAY
2225,CALI
2226,BARBUNYA
2227,DERMASON
2228,SIRA
2229,DERMASON
2230,BARBUNYA
2231,HOROZ
2232,SEKER
2233,SIRA
2234,HOROZ
2235,SIRA
2236,SEKER
2237,DERMASON
2238,DERMASON
2239,HOROZ
2240,BARBUNYA
2241,HOROZ
2242,DERMASON
2243,SIRA
2244,DERMASON
2245,DERMASON
2246,DERMASON
2247,DERMASON
2248,BARBUNYA
2249,SEKER
2250,CALI
2251,BOMBAY
2252,CALI
2253,SIRA
2254,SEKER
2255,SEKER
2256,DERMASON
2257,SIRA
2258,SEKER
2259,SIRA
2260,CALI
2261,SIRA
2262,HOROZ
2263,BOMBAY
2264,HOROZ
2265,SIRA
2266,DERMASON
2267,SEKER
2268,SIRA
2269,BARBUNYA
2270,BARBUNYA
2271,CALI
2272,DERMASON
2273,DERMASON
2274,CALI
2275,BARBUNYA
2276,HOROZ
2277,HOROZ
2278,HOROZ
2279,SIRA
2280,HOROZ
2281,SEKER
2282,DERMASON
2283,SEKER
2284,HOROZ
2285,SIRA
2286,SIRA
2287,DERMASON
2288,CALI
2289,HOROZ
2290,HOROZ
2291,DERMASON
2292,DERMASON
2293,HOROZ
2294,DERMASON
2295,SIRA
2296,SEKER
2297,SEKER
2298,DERMASON
2299,CALI
2300,HOROZ
2301,SIRA
2302,BOMBAY
2303,SIRA
2304,SIRA
2305,SEKER
2306,SIRA
2307,SEKER
2308,BARBUNYA
2309,HOROZ
2310,HOROZ
2311,SIRA
2312,SIRA
2313,SIRA
2314,SIRA
2315,CALI
2316,SEKER
2317,CALI
2318,DERMASON
2319,HOROZ
2320,DERMASON
2321,HOROZ
2322,DERMASON
2323,CALI
2324,SIRA
2325,DERMASON
2326,BOMBAY
2327,HOROZ
2328,DERMASON
2329,DERMASON
2330,BARBUNYA
2331,SEKER
2332,CALI
2333,SIRA
2334,DERMASON
2335,SIRA
2336,SIRA
2337,SIRA
2338,SEKER
2339,BOMBAY
2340,DERMASON
2341,CALI
2342,CALI
2343,SEKER
2344,HOROZ
2345,SEKER
2346,SIRA
2347,BARBUNYA
2348,SIRA
2349,SIRA
2350,DERMASON
2351,SEKER
2352,HOROZ
2353,SIRA
2354,DERMASON
2355,BARBUNYA
2356,DERMASON
2357,SEKER
2358,DERMASON
2359,SIRA
2360,DERMASON
2361,HOROZ
2362,SEKER
2363,HOROZ
2364,CALI
2365,DERMASON
2366,SIRA
2367,SEKER
2368,DERMASON
2369,DERMASON
2370,SEKER
2371,SIRA
2372,DERMASON
2373,CALI
2374,BOMBAY
2375,DERMASON
2376,HOROZ
2377,SEKER
2378,HOROZ
2379,SEKER
2380,SIRA
2381,SEKER
2382,HOROZ
2383,DERMASON
2384,BARBUNYA
2385,SIRA
2386,SIRA
2387,DERMASON
2388,DERMASON
2389,SEKER
2390,DERMASON
2391,DERMASON
2392,DERMASON
2393,DERMASON
2394,DERMASON
2395,SIRA
2396,DERMASON
2397,SIRA
2398,SEKER
2399,BOMBAY
2400,SIRA
2401,SIRA
2402,BARBUNYA
2403,DERMASON
2404,DERMASON
2405,DERMASON
2406,SIRA
2407,SIRA
2408,DERMASON
2409,BARBUNYA
2410,DERMASON
2411,SEKER
2412,BOMBAY
2413,SEKER
2414,BARBUNYA
2415,CALI
2416,SEKER
2417,HOROZ
2418,DERMASON
2419,DERMASON
2420,DERMASON
2421,SIRA
2422,DERMASON
2423,HOROZ
2424,SIRA
2425,DERMASON
2426,DERMASON
2427,CALI
2428,HOROZ
2429,BOMBAY
2430,DERMASON
2431,DERMASON
2432,SEKER
2433,SIRA
2434,DERMASON
2435,SIRA
2436,SIRA
2437,SIRA
2438,SIRA
2439,DERMASON
2440,HOROZ
2441,SEKER
2442,HOROZ
2443,SIRA
2444,SEKER
2445,DERMASON
2446,DERMASON
2447,BARBUNYA
2448,HOROZ
2449,SEKER
2450,CALI
2451,DERMASON
2452,DERMASON
2453,HOROZ
2454,SIRA
2455,SEKER
2456,SIRA
2457,SIRA
2458,SEKER
2459,SIRA
2460,BARBUNYA
2461,CALI
2462,CALI
2463,BARBUNYA
2464,CALI
2465,HOROZ
2466,DERMASON
2467,HOROZ
2468,SIRA
2469,CALI
2470,CALI
2471,HOROZ
2472,DERMASON
2473,CALI
2474,DERMASON
2475,SIRA
2476,SEKER
2477,SIRA
2478,HOROZ
2479,DERMASON
2480,SIRA
2481,BARBUNYA
2482,DERMASON
2483,SEKER
2484,DERMASON
2485,DERMASON
2486,BARBUNYA
2487,CALI
2488,CALI
2489,CALI
2490,SIRA
2491,BOMBAY
2492,DERMASON
2493,HOROZ
2494,DERMASON
2495,BOMBAY
2496,HOROZ
2497,SIRA
2498,CALI
2499,CALI
2500,SEKER
2501,HOROZ
2502,HOROZ
2503,CALI
2504,DERMASON
2505,BARBUNYA
2506,HOROZ
2507,HOROZ
2508,DERMASON
2509,HOROZ
2510,SIRA
2511,HOROZ
2512,DERMASON
2513,SIRA
2514,SEKER
2515,SEKER
2516,BOMBAY
2517,DERMASON
2518,HOROZ
2519,SEKER
2520,CALI
2521,SEKER
2522,SIRA
2523,SEKER
2524,SIRA
2525,BARBUNYA
2526,SIRA
2527,BARBUNYA
2528,SIRA
2529,SIRA
2530,SEKER
2531,DERMASON
2532,DERMASON
2533,BARBUNYA
2534,SIRA
2535,SEKER
2536,DERMASON
2537,BOMBAY
2538,SEKER
2539,DERMASON
2540,CALI
2541,BARBUNYA
2542,HOROZ
2543,DERMASON
2544,SIRA
2545,SEKER
2546,BOMBAY
2547,SEKER
2548,HOROZ
2549,HOROZ
2550,CALI
2551,BARBUNYA
2552,SIRA
2553,SIRA
2554,CALI
2555,SIRA
2556,SIRA
2557,DERMASON
2558,SIRA
2559,CALI
2560,CALI
2561,DERMASON
2562,SEKER
2563,DERMASON
2564,SIRA
2565,DERMASON
2566,SEKER
2567,DERMASON
2568,DERMASON
2569,SIRA
2570,BOMBAY
2571,CALI
2572,SIRA
2573,BOMBAY
2574,DERMASON
2575,CALI
2576,BARBUNYA
2577,SEKER
2578,HOROZ
2579,CALI
2580,BARBUNYA
2581,HOROZ
2582,BARBUNYA
2583,BOMBAY
2584,HOROZ
2585,BARBUNYA
2586,SEKER
2587,SIRA
2588,DERMASON
2589,HOROZ
2590,SIRA
2591,CALI
2592,SIRA
2593,SIRA
2594,DERMASON
2595,SEKER
2596,CALI
2597,HOROZ
2598,SIRA
2599,BARBUNYA
2600,DERMASON
2601,DERMASON
2602,DERMASON
2603,CALI
2604,SIRA
2605,CALI
2606,SIRA
2607,BOMBAY
2608,CALI
2609,SEKER
2610,HOROZ
2611,SIRA
2612,DERMASON
2613,CALI
2614,HOROZ
2615,BARBUNYA
2616,CALI
2617,SIRA
2618,SIRA
2619,SEKER
2620,SIRA
2621,SIRA
2622,SIRA
2623,SIRA
2624,SEKER
2625,DERMASON
2626,SEKER
2627,DERMASON
2628,DERMASON
2629,DERMASON
2630,DERMASON
2631,SIRA
2632,DERMASON
2633,BOMBAY
2634,SEKER
2635,HOROZ
2636,DERMASON
2637,CALI
2638,DERMASON
2639,BARBUNYA
2640,HOROZ
2641,DERMASON
2642,SIRA
2643,CALI
2644,DERMASON
2645,DERMASON
2646,HOROZ
2647,SIRA
2648,BOMBAY
2649,HOROZ
2650,HOROZ
2651,DERMASON
2652,BOMBAY
2653,DERMASON
2654,SIRA
2655,BARBUNYA
2656,DERMASON
2657,SEKER
2658,SIRA
2659,DERMASON
2660,HOROZ
2661,DERMASON
2662,HOROZ
2663,SIRA
2664,SIRA
2665,HOROZ
2666,CALI
2667,BARBUNYA
2668,HOROZ
2669,HOROZ
2670,DERMASON
2671,DERMASON
2672,BARBUNYA
2673,BARBUNYA
2674,BOMBAY
2675,DERMASON
2676,CALI
2677,HOROZ
2678,CALI
2679,BARBUNYA
2680,HOROZ
2681,HOROZ
2682,SIRA
2683,HOROZ
2684,SIRA
2685,CALI
2686,SIRA
2687,CALI
2688,HOROZ
2689,SEKER
2690,CALI
2691,CALI
2692,DERMASON
2693,BOMBAY
2694,SEKER
2695,DERMASON
2696,SEKER
2697,SEKER
2698,DERMASON
2699,SIRA
2700,SEKER
2701,SIRA
2702,SIRA
2703,DERMASON
2704,DERMASON
2705,DERMASON
2706,HOROZ
2707,CALI
2708,SIRA
2709,CALI
2710,CALI
2711,CALI
2712,DERMASON
2713,CALI
2714,SEKER
2715,SEKER
2716,SIRA
2717,CALI
2718,BARBUNYA
2719,SEKER
2720,DERMASON
2721,CALI
2722,DERMASON
